{
  "height": 33.069908814589667,
  "tabOrder": 12000,
  "width": 223.70820668693011,
  "x": 724.62006079027356,
  "y": 232.13677811550153,
  "z": 12000
}