{
  "height": 42.225422175677444,
  "tabOrder": 3000,
  "width": 158.0437230003927,
  "x": 803.48946197146222,
  "y": 136.08915542360842,
  "z": 3000
}