{
  "height": 58.358662613981764,
  "tabOrder": 16000,
  "width": 56.413373860182375,
  "x": 0,
  "y": 297.629179331307,
  "z": 16000
}