{
  "height": 624.37810945273623,
  "width": 905.4726368159204,
  "x": 9.9502487562189046,
  "y": 0,
  "z": 0
}