{
  "height": 59.331306990881458,
  "tabOrder": 7000,
  "width": 102.12765957446808,
  "x": 467.84194528875378,
  "y": 162.43161094224916,
  "z": 7000
}