{
  "height": 58.358662613981764,
  "tabOrder": 15000,
  "width": 56.413373860182375,
  "x": 0,
  "y": 449.36170212765961,
  "z": 15000
}