{
  "height": 42.225422175677444,
  "tabOrder": 1000,
  "width": 158.0437230003927,
  "x": 334.18405550464718,
  "y": 134.88271479001764,
  "z": 1000
}