{
  "height": 58.358662613981764,
  "tabOrder": 2000,
  "width": 473.677811550152,
  "x": 145.89665653495439,
  "y": 79.589665653495416,
  "z": 2000
}