{
  "height": 46.170376055257094,
  "tabOrder": 2000,
  "width": 417.498081350729,
  "x": 84.48196469685341,
  "y": 28.488104374520336,
  "z": 2000
}