{
  "height": 58.358662613981764,
  "tabOrder": 2000,
  "width": 568.02431610942256,
  "x": 137.14285714285714,
  "y": 74.8936170212766,
  "z": 2000
}