{
  "height": 33.069908814589667,
  "tabOrder": 11003,
  "width": 223.70820668693011,
  "x": 724.62006079027356,
  "y": 237,
  "z": 11003
}