{
  "height": 71.25,
  "tabOrder": 10000,
  "width": 161.25,
  "x": 898.75015258789063,
  "y": 24.249992370605469,
  "z": 10000
}