{
  "height": 59.331306990881458,
  "tabOrder": 3000,
  "width": 98.2370820668693,
  "x": 95.319148936170222,
  "y": 157.56838905775069,
  "z": 3000
}