{
  "height": 216.89969604863222,
  "tabOrder": 10000,
  "width": 500.9118541033435,
  "x": 105.04559270516715,
  "y": 476.59574468085145,
  "z": 10000
}