{
  "height": 71.25,
  "tabOrder": 9000,
  "width": 161.25,
  "x": 737.50015258789063,
  "y": 24.249992370605469,
  "z": 9000
}