{
  "height": 33.069908814589667,
  "tabOrder": 11005,
  "width": 246.07902735562311,
  "x": 988.20668693009122,
  "y": 237,
  "z": 11005
}