{
  "height": 59.331306990881458,
  "tabOrder": 4000,
  "width": 147.84194528875381,
  "x": 198.41945288753803,
  "y": 157.56838905775069,
  "z": 4000
}