{
  "height": 157.56838905775078,
  "tabOrder": 9000,
  "width": 369.6048632218845,
  "x": 28.206686930091188,
  "y": 343.34346504559272,
  "z": 9000
}