{
  "height": 42.225422175677444,
  "width": 158.0437230003927,
  "x": 97.721691320853509,
  "y": 134.88271479001764,
  "z": 0
}