{
  "height": 42.225422175677444,
  "tabOrder": 2000,
  "width": 158.0437230003927,
  "x": 569.43997905485,
  "y": 134.88271479001764,
  "z": 2000
}