{
  "height": 37.933130699088146,
  "tabOrder": 9002,
  "width": 405.59270516717328,
  "x": 504.80243161094228,
  "y": 25.288753799392097,
  "z": 9002
}