{
  "height": 216.89969604863222,
  "tabOrder": 9000,
  "width": 500.9118541033435,
  "x": 105.04559270516715,
  "y": 471.73252279635295,
  "z": 9000
}