{
  "height": 232,
  "tabOrder": 1000,
  "width": 162,
  "x": 93.410334346504555,
  "y": 227.41337386018228,
  "z": 1000
}