{
  "height": 232,
  "tabOrder": 1000,
  "width": 162,
  "x": 93.410334346504555,
  "y": 222.5501519756838,
  "z": 1000
}