{
  "height": 37.933130699088146,
  "tabOrder": 11002,
  "width": 909.42249240121589,
  "x": 93.373860182370819,
  "y": 28.206686930091188,
  "z": 11002
}