{
  "height": 55.440729483282681,
  "tabOrder": 3000,
  "width": 102.12765957446808,
  "x": 910.39513677811544,
  "y": 223.70820668693008,
  "z": 3000
}