{
  "height": 55.440729483282681,
  "tabOrder": 2000,
  "width": 102.12765957446808,
  "x": 910.39513677811544,
  "y": 159.51367781155014,
  "z": 2000
}