{
  "height": 33.069908814589667,
  "tabOrder": 11006,
  "width": 330.69908814589667,
  "x": 625.41033434650456,
  "y": 475,
  "z": 11006
}