{
  "height": 33.694581280788178,
  "tabOrder": 14000,
  "width": 330.73891625615767,
  "x": 625,
  "y": 469,
  "z": 14000
}