{
  "height": 59.331306990881458,
  "tabOrder": 6000,
  "width": 146.86930091185411,
  "x": 465.89665653495445,
  "y": 157.56838905775078,
  "z": 6000
}