{
  "height": 152.72727272727272,
  "tabOrder": 1,
  "width": 164.54545454545453,
  "x": 10,
  "y": 216.36363636363635,
  "z": 1
}