{
  "height": 37.933130699088146,
  "width": 347.2340425531915,
  "x": 932.76595744680856,
  "y": 25.288753799392097,
  "z": 0
}