{
  "height": 60.30395136778116,
  "tabOrder": 11000,
  "width": 225.6534954407295,
  "x": 1018.3586626139816,
  "y": 72.948328267477208,
  "z": 11000
}