{
  "height": 213.13432835820896,
  "tabOrder": 3,
  "width": 619.70149253731347,
  "x": 626.865671641791,
  "y": 400.29850746268653,
  "z": 3
}