{
  "height": 207.17325227963528,
  "tabOrder": 3000,
  "width": 416.29179331306995,
  "x": 272.340425531915,
  "y": 241.21580547112453,
  "z": 3000
}