{
  "height": 370.57750759878422,
  "tabOrder": 9001,
  "width": 462.97872340425533,
  "x": 792.70516717325233,
  "y": 329.726443768997,
  "z": 9001
}