{
  "height": 59.331306990881458,
  "tabOrder": 5000,
  "width": 147.84194528875381,
  "x": 198.41945288753803,
  "y": 162.43161094224916,
  "z": 5000
}