{
  "height": 59.331306990881458,
  "tabOrder": 6000,
  "width": 99.209726443769,
  "x": 355.98784194528872,
  "y": 162.43161094224916,
  "z": 6000
}