{
  "height": 429.90881458966567,
  "tabOrder": 7000,
  "width": 270.3951367781155,
  "x": 974.58966565349544,
  "y": 265.531914893617,
  "z": 7000
}