{
  "height": 276.71641791044777,
  "tabOrder": 1,
  "width": 188.955223880597,
  "x": 841.79104477611941,
  "y": 166.56716417910448,
  "z": 1
}