{
  "height": 157.56838905775078,
  "tabOrder": 6000,
  "width": 369.6048632218845,
  "x": 28.206686930091188,
  "y": 542.73556231003045,
  "z": 6000
}