{
  "height": 250.49884881043744,
  "tabOrder": 2001,
  "width": 409.63929393706826,
  "x": 286.84574059861853,
  "y": 99.217191097467378,
  "z": 2001
}