{
  "height": 429.90881458966567,
  "tabOrder": 8000,
  "width": 270.3951367781155,
  "x": 974.58966565349544,
  "y": 270.3951367781155,
  "z": 8000
}