{
  "height": 71.25,
  "tabOrder": 8000,
  "width": 160,
  "x": 577.50015258789063,
  "y": 24.249992370605469,
  "z": 8000
}