{
  "height": 167.58620689655172,
  "tabOrder": 17000,
  "width": 406.10837438423647,
  "x": 272.21674876847288,
  "y": 272.21674876847288,
  "z": 17000
}