{
  "height": 55.440729483282681,
  "tabOrder": 1000,
  "width": 102.12765957446808,
  "x": 910.39513677811544,
  "y": 96.2917933130699,
  "z": 1000
}