{
  "height": 32.807881773399018,
  "tabOrder": 17001,
  "width": 181.77339901477833,
  "x": 312,
  "y": 232,
  "z": 17001
}