{
  "height": 274.02985074626866,
  "width": 619.70149253731347,
  "x": 0,
  "y": 56.417910447761194,
  "z": 0
}