{
  "height": 273.9144972534034,
  "width": 349.730117028899,
  "x": 0,
  "y": 56.250298543109629,
  "z": 0
}