{
  "height": 207.27551803530312,
  "width": 246.56945510360703,
  "x": 723.008442056792,
  "y": 142.44052187260166,
  "z": 0
}