{
  "height": 174.10334346504561,
  "width": 250.94224924012158,
  "x": 705.16717325227967,
  "y": 274.28571428571428,
  "z": 0
}