{
  "height": 92.238805970149258,
  "tabOrder": 2,
  "width": 459.40298507462683,
  "x": 787.16417910447763,
  "y": 0,
  "z": 2
}