{
  "height": 157.56838905775078,
  "tabOrder": 4000,
  "width": 330.69908814589667,
  "x": 428.936170212766,
  "y": 343.34346504559272,
  "z": 4000
}