{
  "height": 148.8145896656535,
  "tabOrder": 5000,
  "width": 330.69908814589667,
  "x": 428.936170212766,
  "y": 551.48936170212767,
  "z": 5000
}