{
  "height": 60.30395136778116,
  "tabOrder": 11001,
  "width": 225.6534954407295,
  "x": 948.32826747720367,
  "y": 79.756838905775084,
  "z": 11001
}