{
  "height": 187.72036474164133,
  "tabOrder": 8000,
  "width": 330.69908814589667,
  "x": 625.41033434650421,
  "y": 507.72036474164162,
  "z": 8000
}