{
  "height": 238.45235251970385,
  "tabOrder": 1,
  "width": 799.732505373776,
  "x": 17.119656078337712,
  "y": 446.33389061380467,
  "z": 1
}