{
  "height": 144.92401215805472,
  "tabOrder": 8000,
  "width": 369.6048632218845,
  "x": 28.206686930091188,
  "y": 142.00607902735564,
  "z": 8000
}