{
  "height": 31.921182266009854,
  "tabOrder": 13000,
  "width": 239.40886699507391,
  "x": 993.99014778325125,
  "y": 232.3152709359606,
  "z": 13000
}