{
  "height": 590.22222222222217,
  "width": 584.5333333333333,
  "x": 9.9555555555555557,
  "y": 0,
  "z": 0
}