{
  "height": 71.25,
  "tabOrder": 11000,
  "width": 161.25,
  "x": 1060.0001525878906,
  "y": 24.249992370605469,
  "z": 11000
}