{
  "height": 152.70516717325228,
  "tabOrder": 7000,
  "width": 442.55319148936172,
  "x": 428.936170212766,
  "y": 149.78723404255319,
  "z": 7000
}