{
  "height": 890.82278481012656,
  "width": 477.84810126582278,
  "x": 9.4936708860759484,
  "y": 0,
  "z": 0
}