{
  "height": 891.64875408008913,
  "width": 1148.1039195393148,
  "x": 10.190271475201019,
  "y": 0,
  "z": 0
}