{
  "height": 60.30395136778116,
  "tabOrder": 10000,
  "width": 197.44680851063831,
  "x": 758.66261398176266,
  "y": 72.948328267477208,
  "z": 10000
}