{
  "height": 60.30395136778116,
  "tabOrder": 11000,
  "width": 197.44680851063831,
  "x": 688.63221884498478,
  "y": 79.756838905775084,
  "z": 11000
}