{
  "height": 187.72036474164133,
  "tabOrder": 9000,
  "width": 330.69908814589667,
  "x": 625.41033434650421,
  "y": 512.58358662614012,
  "z": 9000
}