{
  "height": 425.71428571428572,
  "tabOrder": 7000,
  "width": 518.57142857142856,
  "x": 694.28571428571433,
  "y": 235.71428571428572,
  "z": 7000
}