{
  "height": 85.820895522388057,
  "tabOrder": 1,
  "width": 1236.318407960199,
  "x": 9.9502487562189046,
  "y": 634.32835820895514,
  "z": 1
}