{
  "height": 59.331306990881458,
  "tabOrder": 4000,
  "width": 98.2370820668693,
  "x": 95.319148936170222,
  "y": 162.43161094224916,
  "z": 4000
}